category,name,organization,url,eligibility,support,deadline,deadline_month,verified
students,ENAR Distinguished Student Paper Awards,"International Biometric Society, Eastern North American Region",https://www.enar.org/meetings/StudentPaperAwards/,ENAR member; degree candidate at an accredited institution during the calendar year; first author,Up to 20 awards: travel reimbursement up to $650 and one short-course tuition waiver. The top paper also receives the John Van Ryzin Award ($500),Mid-October,10,2026-10-03
students,WNAR Student Paper Competition,"International Biometric Society, Western North American Region",https://wnar.org/WNAR-Student-Competition,Current student or recent graduate (graduation no earlier than May 1 of the conference year); WNAR member; registered attendee,$500 each for the best written paper and best oral presentation; short-course discounts and a banquet ticket for all entrants,Early February,2,2026-10-03
students,WNAR Indigenous Student Travel Award,"International Biometric Society, Western North American Region",https://wnar.org/indigenous_student_travel_award,Students who are Indigenous peoples of North America and the Pacific Islands,"Up to $1,000 for travel and lodging at the WNAR annual meeting",May 1,5,2026-10-03
students,ICSA Student Paper Awards and Jiann-Ping Hsu Student Paper Award,International Chinese Statistical Association,https://www.icsa.org/awards/icsa-awards-and-honors/,ICSA member; doctoral degree candidate during the academic year; able to present at the ICSA Applied Statistics Symposium,"Up to six awards, each with a cash award of about $550 and a free short course at the ICSA Applied Statistics Symposium",Mid-April,4,2026-10-03
students,NSF Travel Award for the ICSA Applied Statistics Symposium,International Chinese Statistical Association,https://symposium2026.icsa.org/?p=8895,"Graduate students, postdocs and early-career researchers at US institutions attending in person; priority to presenters","Reimbursement of airfare, lodging and registration, up to about $750 for graduate students",Mid-May,5,2026-10-03
students,IISA Student Paper and Poster Competition,International Indian Statistical Association,https://www.intindstat.org/conference2026/studentPaperCompetition,"Enrolled in an MS or PhD program in statistics, data science or a related field during the year; IISA student member; previous winners are not eligible",Partial travel support for selected students at the IISA annual conference,"Varies with the conference dates, typically late August",8,2026-10-03
students,Boyd Harshbarger Travel Award,Southern Regional Council on Statistics,https://www.srcos.org/awards/harshbarger,Graduate students presenting a poster at the SRCOS Summer Research Conference,Travel award for the Summer Research Conference (amount not stated),Late April,4,2026-10-03
students,IMS Hannan Graduate Student Travel Award,Institute of Mathematical Statistics,https://imstat.org/ims-awards/ims-hannan-graduate-student-travel-award/,IMS student members,Funds to attend an IMS-sponsored or co-sponsored meeting,February 1,2,2026-10-03
students,IMS Lawrence D. Brown Ph.D. Student Award,Institute of Mathematical Statistics,https://imstat.org/ims-awards/ims-lawrence-d-brown-ph-d-student-award/,"IMS member; current PhD student, or PhD received after May 1 of the application year","A speaker slot in an invited session at the next IMS Annual Meeting, with travel and registration reimbursed up to $2,000",July 1,7,2026-10-03
students,IMS ICSDS Student Travel Award,Institute of Mathematical Statistics,https://sites.google.com/view/ims-icsds2026/travel-award,Enrolled student on December 1 of the conference year; first author; IMS member; presenting in person,Conference registration plus a travel stipend (about $850 in total),Late September,9,2026-10-03
students,Thomas C. Chalmers Student Scholarship,Society for Clinical Trials,https://www.sctweb.org/meeting/,"Graduate students (Masters, PhD, DrPH) or postdoctoral fellows within two years of the doctorate; first author","Three finalists receive registration, airfare, hotel and meals for the SCT Annual Meeting; the winner also receives $500",Late October,10,2026-10-03
students,Student Conference Awards,International Society for Clinical Biostatistics,https://iscbgmds2026.info/awards/,"Postgraduate students in biostatistics, epidemiology, medical informatics or medical bioinformatics who have not won before","Registration, accommodation, a pre-conference course, the conference dinner and travel for the society's annual conference",End of March,3,2026-10-03
students,Conference Attendance Support Program,International Society for Clinical Biostatistics,https://iscbgmds2026.info/awards/,"Postgraduate students from any country, or scientists in developing countries and the society's National Group countries; chosen by lottery","Registration, accommodation, one course and dinner; travel reimbursed after the conference",End of March,3,2026-10-03
students,SSC Annual Meeting Student Travel Grants,Statistical Society of Canada,https://ssc.ca/en/node/14940,Full-time students at a Canadian university presenting a poster or talk,Up to $750 toward the cost of attending the SSC Annual Meeting,Late February,2,2026-10-03
students,SSC Student Research Presentation Awards,Statistical Society of Canada,https://ssc.ca/en/node/14986,"Students from any country who have not completed their degree, attending in person",$500 prize in each of eight competitions (seven oral categories and poster),Late February,2,2026-10-03
students,Lee Family Travel Award and Do-Bui International Travel Award,Caucus for Women in Statistics and Data Science,https://cwstat.org/cws-travel-awards/,CWS members who are PhD students or early-career professionals travelling to JSM,"$500 (Lee Family); $1,000 for international and $500 for domestic recipients (Do-Bui)",May 31,5,2026-10-03
students,Prof. Suddhendu Biswas Student Travel Award,Caucus for Women in Statistics and Data Science,https://cwstat.org/cws-travel-awards/,Students from developing countries attending an international conference in India,Up to $500,September 30,9,2026-10-03
students,ISBA World Meeting travel awards for junior researchers,International Society for Bayesian Analysis,https://bayesian.org/project/new-researchers-travel-award/,Graduate students or researchers within five years of the PhD (New Researchers Travel Award); related awards serve ISBA members and researchers from developing nations,"Travel support for the ISBA World Meeting, held in even-numbered years","April, in even-numbered years",4,2026-10-03
students,Savage Award,International Society for Bayesian Analysis,https://bayesian.org/?p=6848,Authors of outstanding doctoral dissertations in Bayesian econometrics and statistics,Up to two awards of $750; finalists present in a special session,May 31,5,2026-10-03
asa-sections,David P. Byar Early Career Award and Early Career Paper Awards,ASA Biometrics Section,https://community.amstat.org/biometricsbiom/award/byaraward,"Section member; doctorate held for three years or less, or current student; first author","$2,000 for the Byar Award and $1,000 travel awards for other outstanding papers",Mid-November,11,2026-10-03
asa-sections,Student Paper Competition and Laplace Award,ASA Section on Bayesian Statistical Science,https://community.amstat.org/SBSS/Awards,Full-time student on or after September 1 of the year before JSM; first author; member of the section or of ISBA,"$800 travel awards; $1,200 for the Laplace Award",November 15,11,2026-10-03
asa-sections,Student Paper Award,ASA Section on Statistical Learning and Data Science,https://community.amstat.org/slds/awards/student-paper-award,Student enrolled in a degree-granting institution on December 1; sole first author,"$1,000 and a certificate",Mid-November to early December,12,2026-10-03
asa-sections,Distinguished Student Paper Award,ASA Section on Statistics in Genomics and Genetics,https://community.amstat.org/sectiononstatisticsingenomicsandgenetics/student-award,"Current undergraduate or graduate student, or degree received in the preceding year; section member; first author",Three to five awards (amount not stated),November 15,11,2026-10-03
asa-sections,Student Paper Competition,ASA Sections on Statistical Computing and Statistical Graphics,https://community.amstat.org/jointscsg-section/awards/student-paper-competition,Graduate or undergraduate student on or after September 1 of the year before JSM; first author,"$1,000 as a JSM attendance grant",Mid-November,11,2026-10-03
asa-sections,Early Career Awards and Norman Breslow Prize,ASA Section on Statistics in Epidemiology,https://community.amstat.org/sie/awards,"Graduate students in statistics, biostatistics or epidemiology, and graduates of roughly the past two years; lead author","$1,000 for the Breslow Prize; $800 toward JSM travel for other winners",November 15,11,2026-10-03
asa-sections,Student Paper Competition,ASA Biopharmaceutical Section,https://community.amstat.org/biop/awards/studentpapercompetition,Students doing research in biopharmaceutical statistics,"$2,000, $1,500 and $1,000 for the top three papers; $500 honorable mentions",December 1,12,2026-10-03
asa-sections,Student Paper Competition,ASA Health Policy Statistics Section,https://asahealthpolicy.org/for-students,"Current undergraduate or graduate students, and those who graduated in the preceding year","$800, a certificate and a roundtable ticket",November 15,11,2026-10-03
asa-sections,Student Paper Competition,"ASA Government Statistics, Social Statistics and Survey Research Methods Sections",https://community.amstat.org/socialstatisticssection/awards/cosponsored/papercomp,"Current undergraduate or graduate student at any level, or a graduate of the preceding year","Five awards of up to $1,000 each for JSM expenses",November 15,11,2026-10-03
asa-sections,JSM Student Travel Award,ASA Survey Research Methods Section,https://amstat.jotform.com/262033745632858,Students in a terminal degree program in survey methodology or survey research; previous winners are not eligible,Up to $825 ($800 for JSM expenses and $25 for ASA student membership),Mid-January,1,2026-10-03
asa-sections,Student Paper Competition,ASA Risk Analysis Section,https://community.amstat.org/riskanalysissection/awards/studentaward/description,Full-time or part-time graduate and undergraduate students; section member,Up to three awards of $600,November 15,11,2026-10-03
asa-sections,Student Paper Competition,ASA Section on Statistics in Imaging,https://community.amstat.org/statisticsinimagingsection/announcements,Degree candidate in any term during the year; section member,"$1,000 for first place; $500 for runners-up",November 15,11,2026-10-03
asa-sections,Student Paper Competition,ASA Mental Health Statistics Section,https://community.amstat.org/mhs/new-item/new-item,"Current students at any level, and graduates of the preceding year",$750 each for the top two papers,November 15,11,2026-10-03
asa-sections,Student Paper Award,ASA Lifetime Data Science Section,https://community.amstat.org/lids/news/lids-student-paper-competition,"Section member; doctoral candidate, or doctoral graduate of the preceding year","$1,000 per winner",November 15,11,2026-10-03
asa-sections,JSM Best Student Paper Award,ASA Business and Economic Statistics Section,https://community.amstat.org/businessandeconomicstatisticssection/awards/studentpapers,Section member; lead author,Cash award (amount not stated),November 15,11,2026-10-03
asa-sections,Student Paper Competition,ASA Section on Medical Devices and Diagnostics,https://community.amstat.org/mdd/activities/paper-competition,"Student, or within two years of graduation","$1,000 and $500",November 15,11,2026-10-03
asa-sections,Student Paper Competition,ASA Section on Statistics and the Environment,https://community.amstat.org/ENVR/RecognitionandAwards/ENVRStudentPaperCompetition,First author; student as of the fall term; section member,Travel funding for the top five papers,December 1,12,2026-10-03
asa-sections,Student Paper Competition,ASA Section on Statistics in Defense and National Security,https://community.amstat.org/sdns/awards/student-paper-competition,Students and researchers at most two years beyond their terminal degree,Travel award of up to $500,November 15,11,2026-10-03
asa-sections,Student Paper Competition,ASA Sections on Physical and Engineering Sciences and on Quality and Productivity,https://community.amstat.org/spes/outreach/studentpapercompetition,Full-time student on or after September 1 of the year before JSM,Partial JSM travel support (amount not stated),November 15,11,2026-10-03
asa-sections,Student Paper Awards,ASA Section on Nonparametric Statistics,https://community.amstat.org/nonparametricstatisticssection/paper-awards,See the section's yearly call,Certificate and cash award (amount not stated),November 15,11,2026-10-03
early-career,IMS New Researcher Travel Award,Institute of Mathematical Statistics,https://imstat.org/ims-awards/ims-new-researcher-travel-award/,"IMS member awarded a PhD within the five years before the application year, or receiving it that year","Typically $500 to $1,500 to present a paper or poster at an IMS-sponsored or co-sponsored meeting",February 1,2,2026-10-03
early-career,IMS New Researchers Conference,Institute of Mathematical Statistics,https://imstat.org/meetings-calendar/2026-new-researchers-conference-nrc-north-america/,Current PhD students and recent PhDs (within about five years); IMS member; by application,A place at the conference held just before JSM; check the yearly call for travel support,Late April,4,2026-10-03
early-career,IMS Tweedie New Researcher Award,Institute of Mathematical Statistics,https://imstat.org/ims-awards/tweedie-new-researcher-award/,"By nomination; doctorate received within the five calendar years before the nomination year, or in that year; IMS member","Up to $2,000 for travel to give the Tweedie New Researcher Invited Lecture at the New Researchers Conference",December 1,12,2026-10-03
early-career,Peter Gavin Hall IMS Early Career Prize,Institute of Mathematical Statistics,https://imstat.org/ims-awards/peter-gavin-hall-ims-early-career-prize/,By nomination; within the first eight years of completing the doctoral degree,"One prize a year, presented at the IMS annual meeting",December 1,12,2026-10-03
early-career,IMS Thelma and Marvin Zelen Emerging Women Leaders in Data Science Award,Institute of Mathematical Statistics,https://imstat.org/ims-awards/ims-thelma-and-marvin-zelen-emerging-women-leaders-in-data-science-award/,By nomination; women data scientists within ten years of the PhD; IMS member,"Three awards a year, each with a plaque, a citation and an honorarium",July 1,7,2026-10-03
early-career,IMS ICSDS Junior Researcher Support,Institute of Mathematical Statistics,https://sites.google.com/view/ims-icsds2026/travel-award,Junior faculty and postdocs without institutional support for registration,"Conference registration, one year of IMS membership and possible travel support",Late September,9,2026-10-03
early-career,KISS Career Development Award,Korean International Statistical Society,https://www.statkiss.org/?p=46,"Active KISS member, at most seven years past the highest degree",A plaque and $500 of JSM travel support; two or three awards,Mid-February,2,2026-10-03
early-career,IISA Early Career Award in Statistics and Data Sciences,International Indian Statistical Association,https://www.intindstat.org/conference2026/iisaAwards,Active IISA member for two years; up to 13 years past the terminal degree (17 for the interdisciplinary track),Recognition award presented at the IISA conference,Varies each year,,2026-10-03
early-career,ASA Student and Early Career Travel Fund,American Statistical Association,https://www.amstat.org/your-career/awards/student-and-early-career-travel-fund,"Enrolled in a statistics, biostatistics or data science program, or graduate program completed within five years; ASA Student or Early Career member",Travel support for an ASA conference (amount not stated),At least three months before the conference,,2026-10-03
early-career,Lester R. Curtin Award,American Statistical Association,https://www.amstat.org/your-career/awards/lester-r-curtin-award,Working in health statistics or preparing for it in a graduate program; preference for five or fewer years of experience,"$1,000 for registration and travel, plus up to $400 for continuing education courses at an ASA conference",March 1,3,2026-10-03
early-career,AMS-Simons Travel Grants,American Mathematical Society,https://www.mathprograms.org/db/programs/1859,PhD earned within four years of the grant start date; employed full-time at a US institution; research in an area supported by NSF's Division of Mathematical Sciences,"$5,000 over two years for research travel",March 31,3,2026-10-03
early-career,AWM Travel Grants,Association for Women in Mathematics,https://awm-math.org/awards/awm-grants/travel-grants/,"Women with a doctorate, or PhD students within a year of graduating; US work address; NSF-supported mathematical sciences","Travel and subsistence for one meeting, up to $2,500 domestic or $3,500 foreign","February 15, May 15 and October 1",2,2026-10-03
conferences,AMS Graduate Student Travel Grants for the Joint Mathematics Meetings,American Mathematical Society,https://www.mathprograms.org/db/AMS/GSTG27,"Doctoral students in mathematics in their last two years of study, or recent PhDs; US resident","Up to $1,430 for travel, lodging and registration",Mid-October,10,2026-10-03
conferences,AMS Graduate Student Travel Grants for sectional meetings,American Mathematical Society,https://www.ams.org/student-travel,"Doctoral students at US institutions, or recent PhDs",$400 of partial support for a sectional meeting,Late July (fall meetings),7,2026-10-03
conferences,SIAM Student Travel Awards and Early Career Travel Awards,Society for Industrial and Applied Mathematics,https://www.siam.org/conferences-events/conference-support/travel-and-registration-support/,Full-time students; early-career awards are for US-based researchers within six years of the PhD,"$650 for domestic or $800 for intercontinental travel, plus registration at a SIAM conference","Varies by conference, about three to five months ahead",,2026-10-03
conferences,ISCB Conference Fellowships,International Society for Computational Biology,https://www.iscb.org/iscb-conference-travel-fellowships,"ISCB student and postdoctoral members presenting a paper or poster at ISMB, ECCB, RECOMB, PSB or InCoB","Partial support, typically $500 to $1,500 depending on the region",Varies by conference,,2026-10-03
conferences,RECOMB Travel Fellowships,RECOMB,https://recomb.org/recomb2027/travel_fellowships,Students who are co-authors of accepted papers,"Student registration, travel and lodging",Early March,3,2026-10-03
conferences,BioC Asia Travel Scholarship,Bioconductor,https://biocasia2026.bioconductor.org/travel-scholarship/,See the application form,Travel to the BioC Asia conference,Early October,10,2026-10-03
conferences,useR! Diversity Scholarship,R Foundation,https://user2026.r-project.org/additional/diversity_scholarship.html,"Members of underrepresented or historically marginalized groups, aged over 18","Registration waiver, or a full needs-based scholarship with travel and lodging",May,5,2026-10-03
conferences,posit::conf Opportunity Scholarship,Posit,https://posit.co/blog/apply-to-be-an-opportunity-scholar-at-posit-conf-2026,Members of groups underrepresented in data science and open source,"Registration, one workshop, four hotel nights, flights up to $1,000 domestic or $2,500 international, and $275 for incidentals",March,3,2026-10-03
conferences,NeurIPS Financial Assistance,NeurIPS,https://neurips.cc/Conferences/2026/FinancialAssistance,Attendees for whom the cost is a real burden; priority to students and junior postdocs who are main contributors to accepted work,Registration and up to seven hotel nights. Flights and meals are not covered,Early October,10,2026-10-03
conferences,ICML Financial Aid,ICML,https://icml.cc/Conferences/2026/FinancialAid,Attendees for whom the cost would be a financial burden,Registration and a seven-night hotel stay. Travel is not covered,May,5,2026-10-03
conferences,ICLR Financial Assistance,ICLR,https://iclr.cc/Conferences/2026/FinancialAssistance,Student and other early-career contributors (authors and reviewers),"Registration and hotel, or reimbursement up to $1,500, depending on the tier",Early March,3,2026-10-03
conferences,AISTATS Financial Aid,AISTATS,https://virtual.aistats.org/Conferences/2026/CallForFinancialAid,"Preference to student authors, especially from economically disadvantaged countries and underrepresented groups",Registration fee waivers. Travel is not covered,March,3,2026-10-03
conferences,UAI Scholarships,Association for Uncertainty in Artificial Intelligence,https://auai.org/uai2026/scholarships,Those in financial need; student authors are encouraged,Free registration. Travel is not covered,Early July,7,2026-10-03
conferences,KDD Student Travel Awards,ACM SIGKDD,https://kdd2026.kdd.org/call-for-student-travel-award-applications/,Full-time undergraduate and graduate students working in data mining or machine learning,Partial reimbursement of expenses and a registration waiver,June,6,2026-10-03
conferences,ASHG Needs-Based Travel Awards,American Society of Human Genetics,https://www.ashg.org/membership/awards/resource-limited-awards/,Abstract submitters who lack the funds to attend the Annual Meeting,Help with the cost of attending in person (amount not stated),"May, with the abstract",5,2026-10-03
conferences,Keystone Symposia Scholarships,Keystone Symposia,https://www.keystonesymposia.org/financial-aid/scholarships,"Graduate students, or postdocs within eight years of the doctorate, presenting a poster in person","Up to $1,500 for airfare, ground transport, lodging and part of registration",Varies by meeting,,2026-10-03
conferences,JXTX Foundation Scholarships for the Biological Data Science meeting,Cold Spring Harbor Laboratory,https://meetings.cshl.edu/meetings.aspx?meet=DATA,Graduate students in genomics and data science presenting a talk or poster,"Registration, and for some awards transportation",Early August,8,2026-10-03
other,Gertrude M. Cox Scholarship,American Statistical Association,https://www.amstat.org/your-career/awards/gertrude-m-cox-scholarship,"Women who are US or Canadian citizens or permanent residents, admitted to full-time graduate study in statistics","$1,000",March 1,3,2026-10-03
other,Edward C. Bryant Scholarship,American Statistical Association,https://www.amstat.org/your-career/awards/edward-c-bryant-scholarship-for-an-outstanding-graduate-student-in-survey-statistics,Outstanding graduate students in survey statistics,"$2,500",March 1,3,2026-10-03
other,ASA Pride Scholarship,American Statistical Association,https://www.amstat.org/your-career/awards/asa-pride-scholarship,"Enrolled in a statistics or data science graduate program, or degree received within five years; identifies as LGBTQ+ or an ally","$1,000",March 1,3,2026-10-03
other,Diversity Workshop and Mentoring Program at JSM,American Statistical Association,https://community.amstat.org/cmis/events/dwmp/dmp2026,"Students, postdocs and junior professionals from historically underrepresented groups",JSM registration and some or all travel costs,Mid-May to late June,5,2026-10-03
other,Fostering Excellence in Biostatistics Workshop,"International Biometric Society, Eastern North American Region",https://www.enar.org/education/Fostering_Excellence_in_Biostatistics_Workshop.cfm,"High school, undergraduate and graduate students, with faculty mentors","A day-long workshop at the ENAR Spring Meeting; limited travel funding, mainly for undergraduates",Early January,1,2026-10-03
other,IBC Travel Awards,International Biometric Society,https://www.biometricsociety.org/meetings/travel-grant,"IBS member for at least 12 months, living in a lower- or middle-income country, and an approved speaker at the International Biometric Conference","Up to $3,000 for travel, lodging and registration","February, in even-numbered years",2,2026-10-03
